Id;Name;FolderId;ImageType;LocalPath;ReferenceImageId;Boundary;Description
00000000-891B-4B3E-B7BE-43E7972B622F;PD-L1;00000000-67c5-42b8-bf57-498524f5df70;Image;/css/SeaDragonImages/2FBB0318-4865-4EB5-9EBB-3CE03A82F99C.jfif;null;null;Palpable right breast mass.
00000000-9E68-4500-AFCB-51FEC829D301;H&E;00000000-67c5-42b8-bf57-498524f5df70;Image;/css/SeaDragonImages/AF857E13-4488-4405-8334-5281668A4096.jfif;null;null;null
00000000-42E3-40BC-B7FF-62C1FDE41EF5;X-Ray;00000000-67c5-42b8-bf57-498524f5df70;Image;/css/SeaDragonImages/xray-lung-cancer-2.jfif;null;null;null
00000000-DC84-453A-953B-648EE1A088DB;X-Ray;00000000-67c5-42b8-bf57-498524f5df70;Image;/css/SeaDragonImages/xray-lung-cancer-1.jpg;null;null;null
00000000-4388-4A5F-B4FC-B3DFE8EB272B;Mammogram;00000000-67c5-42b8-bf57-498524f5df70;Image;/css/SeaDragonImages/Mammogram.jpg;null;null;null
00000000-02DC-4313-972B-C254308162D9;Random Marker;00000000-67c5-42b8-bf57-498524f5df70;Image;/css/SeaDragonImages/EDC93057-2568-4ECF-9F24-F746B3088695.jfif;null;null;null
00000000-D525-47EC-96EB-DEA00A1C631B;Lung Macro Image;00000000-67c5-42b8-bf57-498524f5df70;Image;/css/SeaDragonImages/Resected-lung.png;null;null;null
00000000-9255-40CA-A7C7-1B50A37BC5AF;Macro Image;40000000-0000-0000-0000-000000000000;WebImage;https://www.cancerquest.org/sites/default/files/assets/image/breast_macro_invasive.jpg;00000000-0000-0000-0000-000000000000;NULL;null
00000000-4CE2-4A11-A4C2-03F2AA437E7E;conv.tif;30000000-0000-0000-0000-000000000000;Image;/images_dev/00000000-4959-4bdb-be30-1f7090125b8a/00000000-4ce2-4a11-a4c2-03f2aa437e7e/conv.jpg;00000000-0000-0000-0000-000000000000;NULL;The original image <a href='https://fileserver.pathogate.net/getimage/images_dev/00000000-4959-4bdb-be30-1f7090125b8a/00000000-4ce2-4a11-a4c2-03f2aa437e7e/conv.tif'>conv.tif</a> was converted to jpg
00000000-F3DE-4F7A-8DD4-04D71263DAC3;JPN01CK7 - 2022-02-20 12.54.39;00000000-14D8-43AE-BCAA-31D9FDA83B8B;WSImage;A32D726D-F0E2-400A-9113-94A445C4F8F8;00000000-C2D7-4828-AC72-FF14F96E8761;NULL;NULL
00000000-5843-45E8-AAD6-0958D30A8326;jpn02CK7 - 2022-02-26 23.49.45;00000000-14D8-43AE-BCAA-31D9FDA83B8B;WSImage;F750CC6F-2EDA-4425-BCE6-55CB7239C838;00000000-BB04-4780-9744-6C960C540B58;NULL;
00000000-C712-4F2D-9DBE-0CA7BAF6D344;EM tester local.jpg;30000000-0000-0000-0000-000000000000;Image;/images_dev/00000000-4959-4bdb-be30-1f7090125b8a/00000000-c712-4f2d-9dbe-0ca7baf6d344/EM tester local.jpg;00000000-0000-0000-0000-000000000000;NULL;NULL
00000000-7874-4D75-A1E8-0D511C98EDF1;917824;10000000-0000-0000-0000-000000000000;Ghost;/media/eledxdvv/rcpaqap-ghost-background.png;00000000-0000-0000-0000-000000000000;NULL;C_PARTICIPANT_ID: MG1002<br>Forward File: <a href='https://pathogate.net/media/rmhltgok/mg1002-ds-22-02-f.ab1'>https://pathogate.net/media/rmhltgok/mg1002-ds-22-02-f.ab1</a><br>Reverse File: <a href='https://pathogate.net/media/jd0kbkpn/mg1002-ds-22-02-r.ab1
00000000-F723-4DB7-83DE-121D1A51692C;948909-3.jpg;30000000-0000-0000-0000-000000000000;Image;/images_dev/00000000-4959-4bdb-be30-1f7090125b8a/00000000-f723-4db7-83de-121d1a51692c/948909-3.jpg;00000000-0000-0000-0000-000000000000;NULL;</a><br>
00000000-893D-40A9-AF0B-1505E4C51927;93978;10000000-0000-0000-0000-000000000000;Ghost;/media/eledxdvv/rcpaqap-ghost-background.png;00000000-0000-0000-0000-000000000000;NULL;NULL
00000000-7A35-4FF5-BA66-17457BAE7C0C;948909-7.jpg;30000000-0000-0000-0000-000000000000;Image;/images_dev/00000000-4959-4bdb-be30-1f7090125b8a/00000000-7a35-4ff5-ba66-17457bae7c0c/948909-7.jpg;00000000-0000-0000-0000-000000000000;NULL;C_PARTICIPANT_ID: MG/1001<br>Forward file: <a href='https://pathogate.net/media/2g2d11a1/lab-x-ds-21-01-f.ab1'>https://pathogate.net/media/2g2d11a1/lab-x-ds-21-01-f.ab1</a><br>Reverse file: <a href='https://pathogate.net/media/ojed13xg/lab-x-ds-21-01-r.ab1'>https://pathogate.net/media/ojed13xg/lab-x-ds-21-01-r.ab1</a><br>PCR clean-up: Affymetrix USB ExoSAP-IT<br>PCR conc: As supplied<br>PCR volume: 2µL to 10µL of sample<br>Primer conc: 10uM<br>Primer vol: 1µL per reaction<br>Seq rxn vol: 10µL<br>Thermocycler: ABI 9700<br>Seq performed: In-house<br>Seq kit: BigDye™ Terminator v3.1 Cycle Sequencing Kit<br>Seq cycle parameters: Denature: 96°C for 1 minute Cycle: hold at  96°C for 15seconds            hold at  50°C for 15seconds            hold at  60°C for 4 minutes            Repeat for 25cycles Hold:  60°C for 10 seconds           10°C, hold for 8<br>Seq clean-up: - Centrifuge at 1650rcf for 2 minutes- Add 65µL of Ethanol and Sodium       acetate mix to each well-Replace PCR mat and invert plate to shake down twice by turning plate upside down to ensure thorough mixing.-turn plate upright and tap firmly, stand at room temperature for a minute then centrifuge plate at 3220rcf for 15minutes.- after spin, remove the ethanol sodium acetate mix with a firm flick.-Place inverted plate into centrifuge at 1650rcf for 2minutes to remove any residual ethanol sodium acetate mix.-Add 150µL of 70% Ethanol to each well and allow to stand at room temperature for 1 minute.-Flick out the ethanol and spin plate at 1650rcf for 2minutes to remove any residual ethanol.-Allow plate to stand at room temperature to air dry.-Resuspend pellet  with 10µL 50/50 Hi-Di/RNase DNase free distilled water solution.-Run PCR as below:Denature: 95°C for 2 minutesHold: 15°C for 8<br>CE instrument: ABI 3130XL sequencer <br>Injection buffer: 50/50 Hi-Di/RNase DNase free distilled<br>Capillary length: 50cm<br>Capillary polymer: POP-7™ Polymer for 3730/3730xl DNA Analyzers<br>Comments: <br>
00000000-2121-48D8-8F0B-17E72CE99ADE;948909-8.jpg;30000000-0000-0000-0000-000000000000;Image;/images_dev/00000000-4959-4bdb-be30-1f7090125b8a/00000000-2121-48d8-8f0b-17e72ce99ade/948909-8.jpg;00000000-0000-0000-0000-000000000000;NULL;Image from openslideserver 
00000000-160C-4E1F-BCD8-1842D4D9AF50;93981;10000000-0000-0000-0000-000000000000;Ghost;/media/eledxdvv/rcpaqap-ghost-background.png;00000000-0000-0000-0000-000000000000;NULL;NULL
00000000-9255-40CA-A7C7-1B50A37BC5AF;Macro Image;40000000-0000-0000-0000-000000000000;WebImage;https://www.cancerquest.org/sites/default/files/assets/image/breast_macro_invasive.jpg;00000000-0000-0000-0000-000000000000;NULL;NULL
00000000-833D-4684-B65C-1CA04FA45C17;917823;10000000-0000-0000-0000-000000000000;Ghost;/media/eledxdvv/rcpaqap-ghost-background.png;00000000-0000-0000-0000-000000000000;NULL;C_PARTICIPANT_ID: MG/1233<br>Forward file: <a href='https://pathogate.net/media/2g2d11a1/lab-x-ds-21-01-f.ab4'>https://pathogate.net/media/2g2d11a1/lab-x-ds-21-01-f.ab4</a><br>Reverse file: <a href='https://pathogate.net/media/ojed13xg/lab-x-ds-21-01-r.ab4'>https://pathogate.net/media/ojed13xg/lab-x-ds-21-01-r.ab4</a><br>PCR clean-up: Exo SAP IT treatment (Applied Biosystems) <br>PCR conc: 1:8 in sequencing reaction<br>PCR volume: 2.5uL<br>Primer conc: 0.16pmol/uL<br>Primer vol: 1.6uL<br>Seq rxn vol: 20uL<br>Thermocycler: BIO-RAD T100 Thermal Cycler<br>Seq performed: In-house<br>Seq kit: ABI Big Dye Terminator v3.1 (Thermo Fisher Scientific) <br>Seq cycle parameters: 96C  - 1 min  96C  - 30 sec50C  - 15 sec             x35 cycles60C  - 4 min 12C - 8<br>Seq clean-up: DyeEx 96 kit (plate)for dye-terminator removal (Qiagen)<br>CE instrument: ABI POP7 Performance Optimized Polymer (by Thermo Fisher Scientific)<br>Injection buffer: ABI Anode Buffer (ABC) and Cathode Buffer (CBC) 3500 Series (by Thermo Fisher Scientific)<br>Capillary length: 50cm<br>Capillary polymer: ABI POP7 Performance Optimized Polymer (by Thermo Fisher Scientific)<br>Comments: Lab does not routinely offer testing for TTR and APC genes. 
00000000-3426-4FF7-A532-1E9A90D3A0D1;Screenshot 2022-01-05 103501.png;20000000-0000-0000-0000-000000000000;Image;/images/00000000-4959-4bdb-be30-1f7090125b8a/00000000-3426-4ff7-a532-1e9a90d3a0d1/Screenshot 2022-01-05 103501.png;00000000-0000-0000-0000-000000000000;NULL;NULL
00000000-A22E-4789-86C2-23FC291704A8;HER2 114.ndpi;80000000-0000-0000-0000-000000000000;WSImage;54;00000000-0000-0000-0000-000000000000;NULL;Image for ORTO module 
00000000-6891-44FB-9DD6-247970E0918C;680920;10000000-0000-0000-0000-000000000000;Ghost;/media/jrzkv3wr/sanger-dummy-image.jpg;00000000-0000-0000-0000-000000000000;NULL;NULL
00000000-7EC7-4CA9-969B-2BDC57AFB568;680921;10000000-0000-0000-0000-000000000000;Ghost;/media/jrzkv3wr/sanger-dummy-image.jpg;00000000-0000-0000-0000-000000000000;NULL;Image from NDPServe 
00000000-364C-4852-9B69-2EA4DA80777E;jpn02EVG - 2022-02-26 23.35.50;00000000-14D8-43AE-BCAA-31D9FDA83B8B;WSImage;5820F899-8534-461E-BCC0-CCBDE5C9D108;00000000-BB04-4780-9744-6C960C540B58;NULL;NULL
00000000-720C-47E1-930A-2F8464793395;ATRX.ndpi;80000000-0000-0000-0000-000000000000;WSImage;51;00000000-0000-0000-0000-000000000000;NULL;Participant Id: AP/114<br>
00000000-1D68-48B7-B8F8-35C6C97BEAA2;not converted.jpg;30000000-0000-0000-0000-000000000000;Image;/images_dev/00000000-4959-4bdb-be30-1f7090125b8a/00000000-1d68-48b7-b8f8-35c6c97beaa2/not converted.jpg;00000000-0000-0000-0000-000000000000;NULL;NULL
00000000-E1A9-4FCB-83F2-3B6EA370B289;680921;10000000-0000-0000-0000-000000000000;Ghost;/media/jrzkv3wr/sanger-dummy-image.jpg;00000000-0000-0000-0000-000000000000;NULL;<p>Image from openslideserver</p>
00000000-891B-4B3E-B7BE-43E7972B622F;PD-L1;10000000-0000-0000-0000-000000000000;Image;/css/SeaDragonImages/2FBB0318-4865-4EB5-9EBB-3CE03A82F99C.jfif;NULL;NULL;Image from openslideserver 
00000000-A9DD-4223-977B-45666A7F00EE;680922;10000000-0000-0000-0000-000000000000;Ghost;/media/jrzkv3wr/sanger-dummy-image.jpg;00000000-0000-0000-0000-000000000000;NULL;Image from NDPServe 
00000000-1811-4697-8683-4C26FF7C9DBA;948905-2.JPG;30000000-0000-0000-0000-000000000000;Image;/images_dev/00000000-4959-4bdb-be30-1f7090125b8a/00000000-1811-4697-8683-4c26ff7c9dba/948905-2.JPG;00000000-0000-0000-0000-000000000000;NULL;Participant Id: AP/123<br>
00000000-3956-4C2E-B71F-51D5B0549787;948905-2.JPG;20000000-0000-0000-0000-000000000000;Image;/images/00000000-4959-4bdb-be30-1f7090125b8a/00000000-3956-4c2e-b71f-51d5b0549787/948905-2.JPG;00000000-0000-0000-0000-000000000000;NULL;NULL
00000000-9E68-4500-AFCB-51FEC829D301;H&E;10000000-0000-0000-0000-000000000000;Image;/css/SeaDragonImages/AF857E13-4488-4405-8334-5281668A4096.jfif;NULL;NULL;Image for ORTO module 
00000000-A45F-4A7C-9525-528E6C000D53;d1_hnc_h-e.svs;80000000-0000-0000-0000-000000000000;WSImage;57;00000000-720C-47E1-930A-2F8464793395;NULL;NULL
00000000-4E43-45BB-9E6D-5334D419BD09;680922;10000000-0000-0000-0000-000000000000;Ghost;/media/413hcux1/dummyslide-in.png;00000000-0000-0000-0000-000000000000;NULL;NULL
00000000-89A7-4AE1-92EF-54FBEF10AF34;2;10000000-0000-0000-0000-000000000000;Ghost;/media/eledxdvv/rcpaqap-ghost-background.png;00000000-0000-0000-0000-000000000000;NULL;NULL
00000000-1549-4C91-9F81-5F87602A7E21;EM - 3 - SVS.svs;60000000-0000-0000-0000-000000000000;WSImage;/openslideimages/00000000-4959-4bdb-be30-1f7090125b8a/00000000-1549-4c91-9f81-5f87602a7e21/EM - 3 - SVS.svs;00000000-0000-0000-0000-000000000000;NULL;Participant Id: AP/123<br>
00000000-45E2-4465-BED8-62AED7D2D71C;680922;10000000-0000-0000-0000-000000000000;Ghost;/media/jrzkv3wr/sanger-dummy-image.jpg;00000000-0000-0000-0000-000000000000;NULL;PCR clean-up: ExoSap-IT enzymatic clean-up<br>PCR conc: MG-DS-21-01: 3.56ng/uLMG-DS-21-02: 3.87ng/uL<br>PCR volume: 3uL<br>Primer conc: 5uM<br>Primer vol: 1uL<br>Seq rxn vol: 20uL<br>Thermocycler: Applied Biosystems Veriti<br>Seq performed: In-house<br>Seq kit: Applied Biosystems BigDye Terminator v3.1 Cycle Sequencing Kit<br>Seq cycle parameters: 1. Hold at 96 degrees for 1 minute.2. 25 cycles: 96 degrees for 10 seconds, 50 degrees for 5 seconds, 60 degrees for 75 seconds.3. Hold at 4 degrees.<br>Seq clean-up: Applied Biosystems xTerminator Purification kit<br>CE instrument: Applied Biosystems 3500xL Genetic Analyser<br>Injection buffer: The anode and cathode buffer container (ABC) containing 1x running buffer<br>Capillary length: 50cm<br>Capillary polymer: POP-7<br>Comments: 1. Standard input concentration of PCR product ranges from 2-7ng/uL depending on product length in basepairs. <br>
00000000-42E3-40BC-B7FF-62C1FDE41EF5;X-Ray;10000000-0000-0000-0000-000000000000;Image;/css/SeaDragonImages/xray-lung-cancer-2.jfif;NULL;NULL;NULL
00000000-16DA-4B31-84C3-644DB1BE4013;55888;10000000-0000-0000-0000-000000000000;Ghost;/media/eledxdvv/rcpaqap-ghost-background.png;00000000-0000-0000-0000-000000000000;NULL;NULL
00000000-DC84-453A-953B-648EE1A088DB;X-Ray;10000000-0000-0000-0000-000000000000;Image;/css/SeaDragonImages/xray-lung-cancer-1.jpg;NULL;NULL;Participant Id: AP/123<br>
00000000-2154-46D9-8AA0-67D023EBF2AD;948905-1.JPG;30000000-0000-0000-0000-000000000000;Image;/images_dev/00000000-4959-4bdb-be30-1f7090125b8a/00000000-2154-46d9-8aa0-67d023ebf2ad/948905-1.JPG;00000000-0000-0000-0000-000000000000;NULL;NULL
00000000-19EB-41A0-84B9-6A837053D34F;JPN01Elastin - 2022-02-20 12.45.14;00000000-14D8-43AE-BCAA-31D9FDA83B8B;WSImage;F6F38E4B-4298-41CB-978D-3175A4209870;00000000-C2D7-4828-AC72-FF14F96E8761;NULL;<br>
00000000-BB04-4780-9744-6C960C540B58;jpn02HE - 2022-02-26 23.25.41;00000000-14D8-43AE-BCAA-31D9FDA83B8B;WSImage;2BB49DEE-6FC4-46F7-8977-B9B9F60ABB05;00000000-5843-45E8-AAD6-0958D30A8326;NULL;NULL
00000000-9708-48CB-BEA4-71F2232A0328;d1_hnc_h-e.svs;00000000-0000-0000-0000-000000000000;WSImage;NULL;00000000-0000-0000-0000-000000000000;NULL;Image for ORTO module 
00000000-F81F-45A3-B315-723A61F88D79;d1_hnc_h-e.svs;00000000-0000-0000-0000-000000000000;WSImage;NULL;00000000-0000-0000-0000-000000000000;NULL;NULL
00000000-E960-4514-B894-793278FA66AD;HM Case 1d_MPO;00000000-9F29-4638-9E7C-B723FC307EBA;WSImage;FC799889-8864-4FA6-B885-8FA2B28AB2B0;00000000-0000-0000-0000-000000000000;NULL;NULL
00000000-CB53-4E91-92D2-83DA236505BA;DummySlide-TN.png;10000000-0000-0000-0000-000000000000;Image;/media/tnxevgvn/dummyslide-tn.png;00000000-0000-0000-0000-000000000000;NULL;NULL
00000000-5C4F-4D87-A31E-8404389221D0;680944;10000000-0000-0000-0000-000000000000;Ghost;/media/eledxdvv/rcpaqap-ghost-background.png;00000000-0000-0000-0000-000000000000;NULL;NULL
00000000-A438-47F7-BFF2-84E7F3393355;1;10000000-0000-0000-0000-000000000000;Ghost;/media/eledxdvv/rcpaqap-ghost-background.png;00000000-0000-0000-0000-000000000000;NULL;Image from openslideserver 
00000000-4472-4FBE-80A4-855258D2F7C3;copy-of-innovationsfonden_logo_eng_teal_rgb.png;20000000-0000-0000-0000-000000000000;Image;/images/00000000-4959-4bdb-be30-1f7090125b8a/00000000-4472-4fbe-80a4-855258d2f7c3/copy-of-innovationsfonden_logo_eng_teal_rgb.png;00000000-0000-0000-0000-000000000000;NULL;Image from openslideserver 
00000000-8B38-422E-B16E-8755A71D20FC;680923;10000000-0000-0000-0000-000000000000;Ghost;/media/413hcux1/dummyslide-in.png;00000000-0000-0000-0000-000000000000;NULL;Participant Id: AP/12<br>Participant: AP/12<br>Sample: AP-TN-22-01<br>Is this exercise relevant to your laboratory?: Yes<br>Staining platform: Other<br>Please specify: Leica SPECTRA<br>Periodic Acid manufacturer: Australian Biostain<br>Please specify: <br>Periodic Acid staining time: 6-10 minutes<br>Schiff's reagent manufacturer: Australian Biostain<br>Please specify: <br>Schiff's reagent staining time: 6-10 minutes<br>Storage duration for the Schiff's stock solution: Used until expiry date<br>Rinsing solution: Unfiltered tap water<br>Counterstain: Haematoxylin<br>Please specify: <br>Thickness of section routinely used for this stain: 4µm<br>
00000000-B2FC-4FF7-A808-89722E297EF5;680920;10000000-0000-0000-0000-000000000000;Ghost;/media/413hcux1/dummyslide-in.png;00000000-0000-0000-0000-000000000000;NULL;PCR clean-up: Affymetrix USB ExoSAP-IT<br>PCR conc: As supplied<br>PCR volume: 2µL to 10µL of sample<br>Primer conc: 10uM<br>Primer vol: 1µL per reaction<br>Seq rxn vol: 10µL<br>Thermocycler: ABI 9700<br>Seq performed: In-house<br>Seq kit: BigDye™ Terminator v3.1 Cycle Sequencing Kit<br>Seq cycle parameters: Denature: 96°C for 1 minute Cycle: hold at  96°C for 15seconds            hold at  50°C for 15seconds            hold at  60°C for 4 minutes            Repeat for 25cycles Hold:  60°C for 10 seconds           10°C, hold for 8<br>Seq clean-up: - Centrifuge at 1650rcf for 2 minutes- Add 65µL of Ethanol and Sodium       acetate mix to each well-Replace PCR mat and invert plate to shake down twice by turning plate upside down to ensure thorough mixing.-turn plate upright and tap firmly, stand at room temperature for a minute then centrifuge plate at 3220rcf for 15minutes.- after spin, remove the ethanol sodium acetate mix with a firm flick.-Place inverted plate into centrifuge at 1650rcf for 2minutes to remove any residual ethanol sodium acetate mix.-Add 150µL of 70% Ethanol to each well and allow to stand at room temperature for 1 minute.-Flick out the ethanol and spin plate at 1650rcf for 2minutes to remove any residual ethanol.-Allow plate to stand at room temperature to air dry.-Resuspend pellet  with 10µL 50/50 Hi-Di/RNase DNase free distilled water solution.-Run PCR as below:Denature: 95°C for 2 minutesHold: 15°C for 8<br>CE instrument: ABI 3130XL sequencer <br>Injection buffer: 50/50 Hi-Di/RNase DNase free distilled<br>Capillary length: 50cm<br>Capillary polymer: POP-7™ Polymer for 3730/3730xl DNA Analyzers<br>Comments: <br>
00000000-3C3E-4EC8-AC2E-8B4A39FA96B8;948909-1.jpg;30000000-0000-0000-0000-000000000000;Image;/images_dev/00000000-4959-4bdb-be30-1f7090125b8a/00000000-3c3e-4ec8-ac2e-8b4a39fa96b8/948909-1.jpg;00000000-0000-0000-0000-000000000000;NULL;NULL
00000000-4AB9-4F34-B844-8C6EE4E89039;HM Case 1c_HE;00000000-9F29-4638-9E7C-B723FC307EBA;WSImage;94B9E49D-6F1D-413A-BD47-3C13F16C82C6;00000000-0000-0000-0000-000000000000;NULL;Image for ORTO module 
00000000-E12F-43BF-9F4D-8F1EE971462A;RCPAQAP ghost background.png;10000000-0000-0000-0000-000000000000;Image;/media/eledxdvv/rcpaqap-ghost-background.png;00000000-0000-0000-0000-000000000000;NULL;Participant Id: AP/140<br>
00000000-D627-46B2-827F-910CF3C8125C;Sanger dummy image.jpg;10000000-0000-0000-0000-000000000000;Image;/media/jrzkv3wr/sanger-dummy-image.jpg;00000000-0000-0000-0000-000000000000;NULL;NULL
00000000-C979-446D-9D6C-9A690B4E19F5;948909-6.jpg;30000000-0000-0000-0000-000000000000;Image;/images_dev/00000000-4959-4bdb-be30-1f7090125b8a/00000000-c979-446d-9d6c-9a690b4e19f5/948909-6.jpg;00000000-0000-0000-0000-000000000000;NULL;NULL
00000000-F1E5-457D-81CA-9BFDCA2A0A54;93979;10000000-0000-0000-0000-000000000000;Ghost;/media/eledxdvv/rcpaqap-ghost-background.png;00000000-0000-0000-0000-000000000000;NULL;Image for ORTO module 
00000000-D160-4AF1-96DE-9CF8F08C90DA;680923;10000000-0000-0000-0000-000000000000;Ghost;/media/jrzkv3wr/sanger-dummy-image.jpg;00000000-0000-0000-0000-000000000000;NULL;NULL
00000000-7FBB-4244-B6E3-9F1C5CA24779;948910-3;70000000-0000-0000-0000-000000000000;WSImage;/openslideimages_dev/00000000-4959-4bdb-be30-1f7090125b8a/00000000-7fbb-4244-b6e3-9f1c5ca24779/1662688771.0213842_(Participant number 003) 22AH11859(22EM154-1).svs;00000000-0000-0000-0000-000000000000;NULL;TMA slide from CPQA 
00000000-7421-49FD-997C-A623387C0B47;93980;10000000-0000-0000-0000-000000000000;Ghost;/media/eledxdvv/rcpaqap-ghost-background.png;00000000-0000-0000-0000-000000000000;NULL;NULL
00000000-E01D-4FE6-9397-AB47B0DE5119;948905-4.JPG;30000000-0000-0000-0000-000000000000;Image;/images_dev/00000000-4959-4bdb-be30-1f7090125b8a/00000000-e01d-4fe6-9397-ab47b0de5119/948905-4.JPG;00000000-0000-0000-0000-000000000000;NULL;
00000000-79B9-4B2D-BDFA-AB59843D8402;680943;10000000-0000-0000-0000-000000000000;Ghost;/media/eledxdvv/rcpaqap-ghost-background.png;00000000-0000-0000-0000-000000000000;NULL;Image for ORTO module 
00000000-3040-4D52-8DB9-AE937949CCF4;1;10000000-0000-0000-0000-000000000000;Ghost;/media/eledxdvv/rcpaqap-ghost-background.png;00000000-0000-0000-0000-000000000000;NULL;Image from openslideserver 
00000000-4388-4A5F-B4FC-B3DFE8EB272B;Mammogram;10000000-0000-0000-0000-000000000000;Image;/css/SeaDragonImages/Mammogram.jpg;00000000-0000-0000-0000-000000000000;NULL;Image for ORTO module 
00000000-DAF4-489B-BAA3-B561A7E27641;948909-2.jpg;30000000-0000-0000-0000-000000000000;Image;/images_dev/00000000-4959-4bdb-be30-1f7090125b8a/00000000-daf4-489b-baa3-b561a7e27641/948909-2.jpg;00000000-0000-0000-0000-000000000000;NULL;C_PARTICIPANT_ID: MG/1004<br>Forward file: <a href='https://pathogate.net/media/2g2d11a1/lab-x-ds-21-01-f.ab3'>https://pathogate.net/media/2g2d11a1/lab-x-ds-21-01-f.ab3</a><br>Reverse file: <a href='https://pathogate.net/media/ojed13xg/lab-x-ds-21-01-r.ab3'>https://pathogate.net/media/ojed13xg/lab-x-ds-21-01-r.ab3</a><br>PCR clean-up: 1:4 dilution in sterile H2O<br>PCR conc: ~20ng/uL<br>PCR volume: 1uL<br>Primer conc: 25uM<br>Primer vol: 1uL<br>Seq rxn vol: 10uL<br>Thermocycler: Proflex<br>Seq performed: In-house<br>Seq kit: BigDye Terminator v3.1<br>Seq cycle parameters: 96 for 1 min
00000000-BB5D-448F-9C2B-B9E14C7C4F6F;2;10000000-0000-0000-0000-000000000000;Ghost;/media/eledxdvv/rcpaqap-ghost-background.png;00000000-0000-0000-0000-000000000000;NULL;50 for 30sec    30 cycles
00000000-02DC-4313-972B-C254308162D9;Random Marker;10000000-0000-0000-0000-000000000000;Image;/css/SeaDragonImages/EDC93057-2568-4ECF-9F24-F746B3088695.jfif;NULL;NULL;Participant Id: AP/114<br>Participant: AP/114<br>Sample: AP-TN-22-01<br>Is this exercise relevant to your laboratory?: Yes<br>Staining platform: <br>Please specify: <br>Periodic Acid manufacturer: Roche Ventana<br>Please specify: <br>Periodic Acid staining time: 4-5 minutes<br>Schiff's reagent manufacturer: Roche Ventana<br>Please specify: <br>Schiff's reagent staining time: 11-20 minutes<br>Storage duration for the Schiff's stock solution: Used until expiry date<br>Rinsing solution: Commercial wash<br>Counterstain: Haematoxylin<br>Please specify: <br>Thickness of section routinely used for this stain: 4µm<br>
00000000-B112-4CFA-82E5-CB0C81268DB1;1664513026.0718775_Partcipant # 056,IMAG 03,X2000.jpg;30000000-0000-0000-0000-000000000000;Image;/images_dev/00000000-4959-4bdb-be30-1f7090125b8a/00000000-b112-4cfa-82e5-cb0c81268db1/1664513026.0718775_Partcipant # 056,IMAG 03,X2000.jpg;00000000-0000-0000-0000-000000000000;NULL;NULL
00000000-6DCB-4EF9-9E66-CC1165D53B7D;DummySlide-IN.png;10000000-0000-0000-0000-000000000000;Image;/media/413hcux1/dummyslide-in.png;00000000-0000-0000-0000-000000000000;NULL;Image from openslideserver 
00000000-8930-4068-8465-CC79920B597F;conversion tester.tif;30000000-0000-0000-0000-000000000000;Image;/images_dev/00000000-4959-4bdb-be30-1f7090125b8a/00000000-8930-4068-8465-cc79920b597f/conversion tester.jpg;00000000-0000-0000-0000-000000000000;NULL;Image from openslideserver 
00000000-631B-471F-A7C1-D3CB28FB0F47;680921;10000000-0000-0000-0000-000000000000;Ghost;/media/413hcux1/dummyslide-in.png;00000000-0000-0000-0000-000000000000;NULL;PCR clean-up: ExoSap-IT enzymatic clean-up<br>PCR conc: MG-DS-21-01: 3.56ng/uLMG-DS-21-02: 3.87ng/uL<br>PCR volume: 3uL<br>Primer conc: 5uM<br>Primer vol: 1uL<br>Seq rxn vol: 20uL<br>Thermocycler: Applied Biosystems Veriti<br>Seq performed: In-house<br>Seq kit: Applied Biosystems BigDye Terminator v3.1 Cycle Sequencing Kit<br>Seq cycle parameters: 1. Hold at 96 degrees for 1 minute.2. 25 cycles: 96 degrees for 10 seconds, 50 degrees for 5 seconds, 60 degrees for 75 seconds.3. Hold at 4 degrees.<br>Seq clean-up: Applied Biosystems xTerminator Purification kit<br>CE instrument: Applied Biosystems 3500xL Genetic Analyser<br>Injection buffer: The anode and cathode buffer container (ABC) containing 1x running buffer<br>Capillary length: 50cm<br>Capillary polymer: POP-7<br>Comments: 1. Standard input concentration of PCR product ranges from 2-7ng/uL depending on product length in basepairs. <br>
00000000-02DC-4917-972B-D638622C3B47;948909-5.jpg;30000000-0000-0000-0000-000000000000;Image;/images_dev/00000000-4959-4bdb-be30-1f7090125b8a/00000000-02dc-4917-972b-d638622c3b47/948909-5.jpg;00000000-0000-0000-0000-000000000000;NULL;NULL
00000000-2E5A-41C7-A586-D699D2BEFB8D;1664844951.0387638_Image285.jpg;30000000-0000-0000-0000-000000000000;Image;/images_dev/00000000-4959-4bdb-be30-1f7090125b8a/00000000-2e5a-41c7-a586-d699d2befb8d/1664844951.0387638_Image285.jpg;00000000-0000-0000-0000-000000000000;NULL;NULL
00000000-3ED5-4799-AEB8-DB19E3C59AF2;17824;10000000-0000-0000-0000-000000000000;Ghost;/media/eledxdvv/rcpaqap-ghost-background.png;00000000-0000-0000-0000-000000000000;NULL;Image from openslideserver 
00000000-D525-47EC-96EB-DEA00A1C631B;Lung Macro Image;10000000-0000-0000-0000-000000000000;Image;/css/SeaDragonImages/Resected-lung.png;NULL;NULL;The original image <a href='https://fileserver.pathogate.net/getimage/images_dev/00000000-4959-4bdb-be30-1f7090125b8a/00000000-8930-4068-8465-cc79920b597f/conversion tester.tif' target='_blank'>conversion tester.tif</a> was converted to jpg
00000000-024E-4D4A-AA67-DF1F26257590;1664844951.0361238_Image284.jpg;30000000-0000-0000-0000-000000000000;Image;/images_dev/00000000-4959-4bdb-be30-1f7090125b8a/00000000-024e-4d4a-aa67-df1f26257590/1664844951.0361238_Image284.jpg;00000000-0000-0000-0000-000000000000;NULL;Participant Id: AP/12<br>
00000000-65E5-4AE4-9A21-E480516CC2DA;ATRX.ndpi;80000000-0000-0000-0000-000000000000;WSImage;51;00000000-0000-0000-0000-000000000000;NULL;NULL
00000000-14B9-4B0F-944C-E61039394D74;948909-4.jpg;30000000-0000-0000-0000-000000000000;Image;/images_dev/00000000-4959-4bdb-be30-1f7090125b8a/00000000-14b9-4b0f-944c-e61039394d74/948909-4.jpg;00000000-0000-0000-0000-000000000000;NULL;C_PARTICIPANT_ID: MG1002<br>Forward File: <a href='https://pathogate.net/media/r1jpvqtv/MG1002-ds-22-02-f.ab1'>https://pathogate.net/media/r1jpvqtv/MG1002-ds-22-02-f.ab1</a><br>Reverse File: <a href='https://pathogate.net/media/r1jpvqtv/MG1002-ds-22-02-r.ab1
00000000-6B6E-4914-A388-F3CCDDFEA415;17823;10000000-0000-0000-0000-000000000000;Ghost;/media/eledxdvv/rcpaqap-ghost-background.png;00000000-0000-0000-0000-000000000000;NULL;Open slide tester desc
00000000-7991-472C-B0F4-F7C6F3EF5155;680920;10000000-0000-0000-0000-000000000000;Ghost;/media/jrzkv3wr/sanger-dummy-image.jpg;00000000-0000-0000-0000-000000000000;NULL;NULL
00000000-DB0B-464E-939C-F830162B0781;948905-3.JPG;30000000-0000-0000-0000-000000000000;Image;/images_dev/00000000-4959-4bdb-be30-1f7090125b8a/00000000-db0b-464e-939c-f830162b0781/948905-3.JPG;00000000-0000-0000-0000-000000000000;NULL;TMA slide from CPQA 
00000000-E159-44AF-9E68-F8838A464857;d2_hnc_h-e.svs;70000000-0000-0000-0000-000000000000;WSImage;/openslideimages_dev/00000000-4959-4bdb-be30-1f7090125b8a/00000000-e159-44af-9e68-f8838a464857/d2_hnc_h-e.svs;00000000-0000-0000-0000-000000000000;NULL;Image for ORTO module 
00000000-C2D7-4828-AC72-FF14F96E8761;JPN01HE - 2022-02-20 12.33.38;00000000-14D8-43AE-BCAA-31D9FDA83B8B;WSImage;6077BA09-3735-4A4F-AE69-86460BAB8CE7;00000000-0000-0000-0000-000000000000;NULL;Image from openslideserver 
00000000-AACC-4C2A-BB4D-FFEA38477B36;680923;10000000-0000-0000-0000-000000000000;Ghost;/media/jrzkv3wr/sanger-dummy-image.jpg;00000000-0000-0000-0000-000000000000;NULL;Image for ORTO module 
